date,text
2024-01-01,Community parks received positive feedback from residents.
2024-01-02,Retail sales improved after the weekend promotion.
2024-01-03,Traffic congestion increased near the city centre. The city opened a new health and education support centre.
2024-01-04,The climate programme supported tree planting and clean energy.
2024-01-05,The sales team introduced a new product campaign.
2024-01-06,New traffic signals improved vehicle flow downtown. Community parks received positive feedback from residents.
2024-01-07,Traffic congestion increased near the city centre. Heavy rainfall renewed discussion about climate resilience. Customers reported slow connections but no major outage. Monthly sales were supported by stronger customer demand.
2024-01-08,Traffic congestion increased near the city centre.
2024-01-09,Residents reported delayed buses and heavy traffic. The sales team introduced a new product campaign. Community parks received positive feedback from residents.
2024-01-10,Public transport upgrades improved the commuter experience.
2024-01-11,Heavy rainfall renewed discussion about climate resilience. Engineers restored service after the reported outage.
2024-01-12,The city opened a new health and education support centre.
2024-01-13,New traffic signals improved vehicle flow downtown.
2024-01-14,Traffic congestion increased near the city centre. The climate programme supported tree planting and clean energy.
2024-01-15,Community parks received positive feedback from residents.
2024-01-16,Road repairs caused traffic delays during the morning commute. Climate adaptation projects expanded across the county. The city opened a new health and education support centre.
2024-01-17,New traffic signals improved vehicle flow downtown. The city opened a new health and education support centre.
2024-01-18,New traffic signals improved vehicle flow downtown. Heavy rainfall renewed discussion about climate resilience.
2024-01-19,Traffic congestion increased near the city centre.
2024-01-20,Traffic congestion increased near the city centre. Retail sales improved after the weekend promotion. The city opened a new health and education support centre.
2024-01-21,New traffic signals improved vehicle flow downtown.
2024-01-22,Traffic congestion increased near the city centre. Engineers restored service after the reported outage. Community parks received positive feedback from residents.
2024-01-23,Road repairs caused traffic delays during the morning commute. The climate programme supported tree planting and clean energy. Retail sales improved after the weekend promotion.
2024-01-24,Road repairs caused traffic delays during the morning commute. Engineers restored service after the reported outage.
2024-01-25,Climate adaptation projects expanded across the county.
2024-01-26,Road repairs caused traffic delays during the morning commute. The climate programme supported tree planting and clean energy. Retail sales improved after the weekend promotion. Public transport upgrades improved the commuter experience.
2024-01-27,The climate programme supported tree planting and clean energy. Monthly sales were supported by stronger customer demand. The city opened a new health and education support centre.
2024-01-28,Monthly sales were supported by stronger customer demand. The city opened a new health and education support centre.
2024-01-29,Traffic congestion increased near the city centre. Public transport upgrades improved the commuter experience.
2024-01-30,Heavy rainfall renewed discussion about climate resilience. Public transport upgrades improved the commuter experience.
2024-01-31,Road repairs caused traffic delays during the morning commute.
2024-02-01,Public transport upgrades improved the commuter experience.
2024-02-02,Customers reported slow connections but no major outage. The sales team introduced a new product campaign.
2024-02-03,Traffic congestion increased near the city centre. Retail sales improved after the weekend promotion.
2024-02-04,Climate adaptation projects expanded across the county.
2024-02-05,Road repairs caused traffic delays during the morning commute. Climate adaptation projects expanded across the county. A brief network outage affected online services. Community parks received positive feedback from residents.
2024-02-06,Public transport upgrades improved the commuter experience.
2024-02-07,Engineers restored service after the reported outage.
2024-02-08,Traffic congestion increased near the city centre. The city opened a new health and education support centre.
2024-02-09,Residents reported delayed buses and heavy traffic. The sales team introduced a new product campaign.
2024-02-10,Community parks received positive feedback from residents.
2024-02-11,Engineers restored service after the reported outage.
2024-02-12,Traffic congestion increased near the city centre.
2024-02-13,Traffic congestion increased near the city centre.
2024-02-14,Road repairs caused traffic delays during the morning commute. The climate programme supported tree planting and clean energy. The sales team introduced a new product campaign. Public transport upgrades improved the commuter experience.
2024-02-15,New traffic signals improved vehicle flow downtown. The sales team introduced a new product campaign. The city opened a new health and education support centre.
2024-02-16,New traffic signals improved vehicle flow downtown. Climate adaptation projects expanded across the county. Customers reported slow connections but no major outage. Retail sales improved after the weekend promotion. Public transport upgrades improved the commuter experience.
2024-02-17,Public transport upgrades improved the commuter experience.
2024-02-18,Engineers restored service after the reported outage. Retail sales improved after the weekend promotion. Public transport upgrades improved the commuter experience.
2024-02-19,Heavy rainfall renewed discussion about climate resilience. Community parks received positive feedback from residents.
2024-02-20,Residents reported delayed buses and heavy traffic. Customers reported slow connections but no major outage.
2024-02-21,The city opened a new health and education support centre.
2024-02-22,Residents reported delayed buses and heavy traffic.
2024-02-23,Heavy rainfall renewed discussion about climate resilience. Retail sales improved after the weekend promotion. Public transport upgrades improved the commuter experience.
2024-02-24,Retail sales improved after the weekend promotion. The city opened a new health and education support centre.
2024-02-25,Monthly sales were supported by stronger customer demand.
2024-02-26,Public transport upgrades improved the commuter experience.
2024-02-27,Public transport upgrades improved the commuter experience.
2024-02-28,Residents reported delayed buses and heavy traffic. Engineers restored service after the reported outage. The sales team introduced a new product campaign.
2024-02-29,Residents reported delayed buses and heavy traffic.
2024-03-01,The climate programme supported tree planting and clean energy. Monthly sales were supported by stronger customer demand. Public transport upgrades improved the commuter experience.
2024-03-02,The city opened a new health and education support centre.
2024-03-03,The city opened a new health and education support centre.
2024-03-04,Residents reported delayed buses and heavy traffic. Climate adaptation projects expanded across the county.
2024-03-05,Public transport upgrades improved the commuter experience.
2024-03-06,Climate adaptation projects expanded across the county. Retail sales improved after the weekend promotion.
2024-03-07,The city opened a new health and education support centre.
2024-03-08,Community parks received positive feedback from residents.
2024-03-09,The climate programme supported tree planting and clean energy. Public transport upgrades improved the commuter experience.
2024-03-10,Heavy rainfall renewed discussion about climate resilience. The city opened a new health and education support centre.
2024-03-11,Heavy rainfall renewed discussion about climate resilience. Public transport upgrades improved the commuter experience.
2024-03-12,The climate programme supported tree planting and clean energy. Monthly sales were supported by stronger customer demand.
2024-03-13,The climate programme supported tree planting and clean energy. Retail sales improved after the weekend promotion. Community parks received positive feedback from residents.
2024-03-14,Climate adaptation projects expanded across the county. The sales team introduced a new product campaign. Community parks received positive feedback from residents.
2024-03-15,Community parks received positive feedback from residents.
2024-03-16,New traffic signals improved vehicle flow downtown.
2024-03-17,Residents reported delayed buses and heavy traffic. Climate adaptation projects expanded across the county.
2024-03-18,Climate adaptation projects expanded across the county. Retail sales improved after the weekend promotion.
2024-03-19,A brief network outage affected online services. Community parks received positive feedback from residents.
2024-03-20,The climate programme supported tree planting and clean energy. Customers reported slow connections but no major outage.
2024-03-21,A brief network outage affected online services. Retail sales improved after the weekend promotion. The city opened a new health and education support centre.
2024-03-22,Engineers restored service after the reported outage. The sales team introduced a new product campaign.
2024-03-23,Customers reported slow connections but no major outage. Retail sales improved after the weekend promotion. Public transport upgrades improved the commuter experience.
2024-03-24,Engineers restored service after the reported outage. The sales team introduced a new product campaign.
2024-03-25,Traffic congestion increased near the city centre. Climate adaptation projects expanded across the county. Engineers restored service after the reported outage. Retail sales improved after the weekend promotion.
2024-03-26,Engineers restored service after the reported outage. Retail sales improved after the weekend promotion.
2024-03-27,Customers reported slow connections but no major outage. The sales team introduced a new product campaign.
2024-03-28,Customers reported slow connections but no major outage. Public transport upgrades improved the commuter experience.
2024-03-29,The climate programme supported tree planting and clean energy. Customers reported slow connections but no major outage. The sales team introduced a new product campaign. Public transport upgrades improved the commuter experience.
2024-03-30,Road repairs caused traffic delays during the morning commute. Customers reported slow connections but no major outage.
2024-03-31,Traffic congestion increased near the city centre. Climate adaptation projects expanded across the county. Engineers restored service after the reported outage.
2024-04-01,Community parks received positive feedback from residents.
2024-04-02,New traffic signals improved vehicle flow downtown. Customers reported slow connections but no major outage. Community parks received positive feedback from residents.
2024-04-03,Road repairs caused traffic delays during the morning commute.
2024-04-04,Residents reported delayed buses and heavy traffic. The sales team introduced a new product campaign.
2024-04-05,Residents reported delayed buses and heavy traffic. Climate adaptation projects expanded across the county. Retail sales improved after the weekend promotion. Community parks received positive feedback from residents.
2024-04-06,Road repairs caused traffic delays during the morning commute. Retail sales improved after the weekend promotion.
2024-04-07,Community parks received positive feedback from residents.
2024-04-08,New traffic signals improved vehicle flow downtown.
2024-04-09,Public transport upgrades improved the commuter experience.
2024-04-10,Traffic congestion increased near the city centre. The city opened a new health and education support centre.
2024-04-11,Residents reported delayed buses and heavy traffic. The city opened a new health and education support centre.
2024-04-12,New traffic signals improved vehicle flow downtown. The city opened a new health and education support centre.
2024-04-13,Traffic congestion increased near the city centre.
2024-04-14,The city opened a new health and education support centre.
2024-04-15,Engineers restored service after the reported outage.
2024-04-16,New traffic signals improved vehicle flow downtown.
2024-04-17,A brief network outage affected online services.
2024-04-18,Community parks received positive feedback from residents.
2024-04-19,Climate adaptation projects expanded across the county.
2024-04-20,New traffic signals improved vehicle flow downtown. Engineers restored service after the reported outage.
2024-04-21,Community parks received positive feedback from residents.
2024-04-22,Residents reported delayed buses and heavy traffic. Retail sales improved after the weekend promotion.
2024-04-23,New traffic signals improved vehicle flow downtown. Community parks received positive feedback from residents.
2024-04-24,The sales team introduced a new product campaign.
2024-04-25,New traffic signals improved vehicle flow downtown. The sales team introduced a new product campaign.
2024-04-26,Monthly sales were supported by stronger customer demand. Community parks received positive feedback from residents.
2024-04-27,Monthly sales were supported by stronger customer demand.
2024-04-28,Road repairs caused traffic delays during the morning commute. A brief network outage affected online services. Monthly sales were supported by stronger customer demand.
2024-04-29,Traffic congestion increased near the city centre.
2024-04-30,Residents reported delayed buses and heavy traffic.
2024-05-01,Road repairs caused traffic delays during the morning commute. The city opened a new health and education support centre.
2024-05-02,Traffic congestion increased near the city centre. Retail sales improved after the weekend promotion.
2024-05-03,Public transport upgrades improved the commuter experience.
2024-05-04,Public transport upgrades improved the commuter experience.
2024-05-05,Traffic congestion increased near the city centre.
2024-05-06,Traffic congestion increased near the city centre. A brief network outage affected online services. Retail sales improved after the weekend promotion. Community parks received positive feedback from residents.
2024-05-07,Road repairs caused traffic delays during the morning commute. Engineers restored service after the reported outage. Monthly sales were supported by stronger customer demand. Public transport upgrades improved the commuter experience.
2024-05-08,Community parks received positive feedback from residents.
2024-05-09,Road repairs caused traffic delays during the morning commute. Retail sales improved after the weekend promotion.
2024-05-10,New traffic signals improved vehicle flow downtown. Community parks received positive feedback from residents.
2024-05-11,Road repairs caused traffic delays during the morning commute. The sales team introduced a new product campaign.
2024-05-12,Road repairs caused traffic delays during the morning commute. Monthly sales were supported by stronger customer demand. Community parks received positive feedback from residents.
2024-05-13,The climate programme supported tree planting and clean energy. A brief network outage affected online services. The sales team introduced a new product campaign. Public transport upgrades improved the commuter experience.
2024-05-14,Retail sales improved after the weekend promotion.
2024-05-15,Residents reported delayed buses and heavy traffic. Retail sales improved after the weekend promotion.
2024-05-16,The city opened a new health and education support centre.
2024-05-17,New traffic signals improved vehicle flow downtown. The city opened a new health and education support centre.
2024-05-18,Residents reported delayed buses and heavy traffic. A brief network outage affected online services. Monthly sales were supported by stronger customer demand.
2024-05-19,The city opened a new health and education support centre.
2024-05-20,Residents reported delayed buses and heavy traffic.
2024-05-21,Traffic congestion increased near the city centre. Heavy rainfall renewed discussion about climate resilience. The sales team introduced a new product campaign.
2024-05-22,The sales team introduced a new product campaign.
2024-05-23,Traffic congestion increased near the city centre. Retail sales improved after the weekend promotion. Public transport upgrades improved the commuter experience.
2024-05-24,Monthly sales were supported by stronger customer demand.
2024-05-25,Public transport upgrades improved the commuter experience.
2024-05-26,A brief network outage affected online services. The sales team introduced a new product campaign.
2024-05-27,Residents reported delayed buses and heavy traffic. The sales team introduced a new product campaign.
2024-05-28,New traffic signals improved vehicle flow downtown. Retail sales improved after the weekend promotion.
2024-05-29,Retail sales improved after the weekend promotion.
2024-05-30,Customers reported slow connections but no major outage.
2024-05-31,Climate adaptation projects expanded across the county. Retail sales improved after the weekend promotion.
2024-06-01,Public transport upgrades improved the commuter experience.
2024-06-02,Community parks received positive feedback from residents.
2024-06-03,Public transport upgrades improved the commuter experience.
2024-06-04,Road repairs caused traffic delays during the morning commute. Climate adaptation projects expanded across the county. The city opened a new health and education support centre.
2024-06-05,Road repairs caused traffic delays during the morning commute. The sales team introduced a new product campaign. Public transport upgrades improved the commuter experience.
2024-06-06,Engineers restored service after the reported outage.
2024-06-07,A brief network outage affected online services.
2024-06-08,Community parks received positive feedback from residents.
2024-06-09,Heavy rainfall renewed discussion about climate resilience. Community parks received positive feedback from residents.
2024-06-10,Retail sales improved after the weekend promotion. Community parks received positive feedback from residents.
2024-06-11,The city opened a new health and education support centre.
2024-06-12,Monthly sales were supported by stronger customer demand.
2024-06-13,Traffic congestion increased near the city centre. The climate programme supported tree planting and clean energy. Public transport upgrades improved the commuter experience.
2024-06-14,Public transport upgrades improved the commuter experience.
2024-06-15,Retail sales improved after the weekend promotion. Community parks received positive feedback from residents.
2024-06-16,Community parks received positive feedback from residents.
2024-06-17,Monthly sales were supported by stronger customer demand. Community parks received positive feedback from residents.
2024-06-18,The city opened a new health and education support centre.
2024-06-19,Traffic congestion increased near the city centre. Climate adaptation projects expanded across the county. A brief network outage affected online services.
2024-06-20,The sales team introduced a new product campaign.
2024-06-21,The sales team introduced a new product campaign. The city opened a new health and education support centre.
2024-06-22,Residents reported delayed buses and heavy traffic.
2024-06-23,Road repairs caused traffic delays during the morning commute. Public transport upgrades improved the commuter experience.
2024-06-24,Residents reported delayed buses and heavy traffic. Heavy rainfall renewed discussion about climate resilience. Engineers restored service after the reported outage. The sales team introduced a new product campaign.
2024-06-25,Monthly sales were supported by stronger customer demand.
2024-06-26,Monthly sales were supported by stronger customer demand.
2024-06-27,Climate adaptation projects expanded across the county.
2024-06-28,Monthly sales were supported by stronger customer demand.
2024-06-29,The city opened a new health and education support centre.
2024-06-30,New traffic signals improved vehicle flow downtown.
2024-07-01,Residents reported delayed buses and heavy traffic. The climate programme supported tree planting and clean energy.
2024-07-02,Traffic congestion increased near the city centre. The climate programme supported tree planting and clean energy. Community parks received positive feedback from residents.
2024-07-03,The climate programme supported tree planting and clean energy. Retail sales improved after the weekend promotion.
2024-07-04,The climate programme supported tree planting and clean energy.
2024-07-05,New traffic signals improved vehicle flow downtown.
2024-07-06,Heavy rainfall renewed discussion about climate resilience.
2024-07-07,Public transport upgrades improved the commuter experience.
2024-07-08,Road repairs caused traffic delays during the morning commute. Heavy rainfall renewed discussion about climate resilience.
2024-07-09,Community parks received positive feedback from residents.
2024-07-10,Residents reported delayed buses and heavy traffic. Community parks received positive feedback from residents.
2024-07-11,Road repairs caused traffic delays during the morning commute.
2024-07-12,Road repairs caused traffic delays during the morning commute. Climate adaptation projects expanded across the county. The city opened a new health and education support centre.
2024-07-13,Residents reported delayed buses and heavy traffic. The sales team introduced a new product campaign.
2024-07-14,Traffic congestion increased near the city centre. The sales team introduced a new product campaign.
2024-07-15,Traffic congestion increased near the city centre. The sales team introduced a new product campaign. The city opened a new health and education support centre.
2024-07-16,New traffic signals improved vehicle flow downtown.
2024-07-17,Engineers restored service after the reported outage.
2024-07-18,Road repairs caused traffic delays during the morning commute. Engineers restored service after the reported outage.
2024-07-19,Public transport upgrades improved the commuter experience.
2024-07-20,Road repairs caused traffic delays during the morning commute. Public transport upgrades improved the commuter experience.
2024-07-21,Residents reported delayed buses and heavy traffic. Climate adaptation projects expanded across the county. Engineers restored service after the reported outage. Retail sales improved after the weekend promotion.
2024-07-22,Climate adaptation projects expanded across the county. Community parks received positive feedback from residents.
2024-07-23,Community parks received positive feedback from residents.
2024-07-24,Road repairs caused traffic delays during the morning commute.
2024-07-25,Monthly sales were supported by stronger customer demand. Public transport upgrades improved the commuter experience.
2024-07-26,Residents reported delayed buses and heavy traffic. Heavy rainfall renewed discussion about climate resilience.
2024-07-27,Climate adaptation projects expanded across the county. The sales team introduced a new product campaign.
2024-07-28,Monthly sales were supported by stronger customer demand.
2024-07-29,Road repairs caused traffic delays during the morning commute.
2024-07-30,New traffic signals improved vehicle flow downtown. The climate programme supported tree planting and clean energy. Monthly sales were supported by stronger customer demand.
2024-07-31,The city opened a new health and education support centre.
2024-08-01,Road repairs caused traffic delays during the morning commute. Heavy rainfall renewed discussion about climate resilience. Monthly sales were supported by stronger customer demand. Community parks received positive feedback from residents.
2024-08-02,Community parks received positive feedback from residents.
2024-08-03,Residents reported delayed buses and heavy traffic. Engineers restored service after the reported outage. Monthly sales were supported by stronger customer demand. Public transport upgrades improved the commuter experience.
2024-08-04,The climate programme supported tree planting and clean energy. Community parks received positive feedback from residents.
2024-08-05,New traffic signals improved vehicle flow downtown. The climate programme supported tree planting and clean energy. Monthly sales were supported by stronger customer demand. Public transport upgrades improved the commuter experience.
2024-08-06,The climate programme supported tree planting and clean energy. The sales team introduced a new product campaign. Community parks received positive feedback from residents.
2024-08-07,Climate adaptation projects expanded across the county.
2024-08-08,Traffic congestion increased near the city centre. The climate programme supported tree planting and clean energy.
2024-08-09,Community parks received positive feedback from residents.
2024-08-10,Road repairs caused traffic delays during the morning commute.
2024-08-11,New traffic signals improved vehicle flow downtown. Climate adaptation projects expanded across the county. Customers reported slow connections but no major outage.
2024-08-12,Residents reported delayed buses and heavy traffic. The climate programme supported tree planting and clean energy.
2024-08-13,New traffic signals improved vehicle flow downtown. The climate programme supported tree planting and clean energy.
2024-08-14,New traffic signals improved vehicle flow downtown. Climate adaptation projects expanded across the county. Engineers restored service after the reported outage. Monthly sales were supported by stronger customer demand.
2024-08-15,New traffic signals improved vehicle flow downtown. Monthly sales were supported by stronger customer demand.
2024-08-16,Customers reported slow connections but no major outage.
2024-08-17,Engineers restored service after the reported outage.
2024-08-18,Traffic congestion increased near the city centre.
2024-08-19,New traffic signals improved vehicle flow downtown. The climate programme supported tree planting and clean energy.
2024-08-20,New traffic signals improved vehicle flow downtown.
2024-08-21,Retail sales improved after the weekend promotion.
2024-08-22,Heavy rainfall renewed discussion about climate resilience. The sales team introduced a new product campaign.
2024-08-23,The climate programme supported tree planting and clean energy. Monthly sales were supported by stronger customer demand.
2024-08-24,The climate programme supported tree planting and clean energy. Retail sales improved after the weekend promotion.
2024-08-25,Community parks received positive feedback from residents.
2024-08-26,Heavy rainfall renewed discussion about climate resilience. The sales team introduced a new product campaign. Community parks received positive feedback from residents.
2024-08-27,Road repairs caused traffic delays during the morning commute. Heavy rainfall renewed discussion about climate resilience. Retail sales improved after the weekend promotion.
2024-08-28,Residents reported delayed buses and heavy traffic.
2024-08-29,Climate adaptation projects expanded across the county. Public transport upgrades improved the commuter experience.
2024-08-30,Heavy rainfall renewed discussion about climate resilience. Customers reported slow connections but no major outage.
2024-08-31,Road repairs caused traffic delays during the morning commute.
2024-09-01,Climate adaptation projects expanded across the county. Retail sales improved after the weekend promotion. The city opened a new health and education support centre.
2024-09-02,New traffic signals improved vehicle flow downtown. A brief network outage affected online services.
2024-09-03,Public transport upgrades improved the commuter experience.
2024-09-04,Community parks received positive feedback from residents.
2024-09-05,The city opened a new health and education support centre.
2024-09-06,Heavy rainfall renewed discussion about climate resilience. Customers reported slow connections but no major outage.
2024-09-07,A brief network outage affected online services. The sales team introduced a new product campaign.
2024-09-08,Traffic congestion increased near the city centre. Public transport upgrades improved the commuter experience.
2024-09-09,Traffic congestion increased near the city centre. Climate adaptation projects expanded across the county.
2024-09-10,Climate adaptation projects expanded across the county.
2024-09-11,Climate adaptation projects expanded across the county.
2024-09-12,Traffic congestion increased near the city centre. Engineers restored service after the reported outage.
2024-09-13,A brief network outage affected online services. The city opened a new health and education support centre.
2024-09-14,Residents reported delayed buses and heavy traffic. Heavy rainfall renewed discussion about climate resilience. Engineers restored service after the reported outage.
2024-09-15,Customers reported slow connections but no major outage. Monthly sales were supported by stronger customer demand.
2024-09-16,New traffic signals improved vehicle flow downtown. Heavy rainfall renewed discussion about climate resilience.
2024-09-17,New traffic signals improved vehicle flow downtown. A brief network outage affected online services.
2024-09-18,A brief network outage affected online services.
2024-09-19,Engineers restored service after the reported outage.
2024-09-20,Engineers restored service after the reported outage. The sales team introduced a new product campaign. Public transport upgrades improved the commuter experience.
2024-09-21,Engineers restored service after the reported outage. Retail sales improved after the weekend promotion. The city opened a new health and education support centre.
2024-09-22,Road repairs caused traffic delays during the morning commute.
2024-09-23,Road repairs caused traffic delays during the morning commute. Monthly sales were supported by stronger customer demand. Community parks received positive feedback from residents.
2024-09-24,New traffic signals improved vehicle flow downtown. Engineers restored service after the reported outage. Retail sales improved after the weekend promotion.
2024-09-25,The sales team introduced a new product campaign.
2024-09-26,Traffic congestion increased near the city centre. Public transport upgrades improved the commuter experience.
2024-09-27,Road repairs caused traffic delays during the morning commute. Community parks received positive feedback from residents.
2024-09-28,Community parks received positive feedback from residents.
2024-09-29,The city opened a new health and education support centre.
2024-09-30,Customers reported slow connections but no major outage.
2024-10-01,Traffic congestion increased near the city centre. The city opened a new health and education support centre.
2024-10-02,Community parks received positive feedback from residents.
2024-10-03,The sales team introduced a new product campaign.
2024-10-04,New traffic signals improved vehicle flow downtown. Retail sales improved after the weekend promotion. Community parks received positive feedback from residents.
2024-10-05,The city opened a new health and education support centre.
2024-10-06,Traffic congestion increased near the city centre. Community parks received positive feedback from residents.
2024-10-07,The climate programme supported tree planting and clean energy. Community parks received positive feedback from residents.
2024-10-08,Road repairs caused traffic delays during the morning commute. The climate programme supported tree planting and clean energy.
2024-10-09,Residents reported delayed buses and heavy traffic. Heavy rainfall renewed discussion about climate resilience. Monthly sales were supported by stronger customer demand. The city opened a new health and education support centre.
2024-10-10,New traffic signals improved vehicle flow downtown. Climate adaptation projects expanded across the county. Public transport upgrades improved the commuter experience.
2024-10-11,New traffic signals improved vehicle flow downtown.
2024-10-12,Public transport upgrades improved the commuter experience.
2024-10-13,Residents reported delayed buses and heavy traffic. Customers reported slow connections but no major outage. Community parks received positive feedback from residents.
2024-10-14,Traffic congestion increased near the city centre.
2024-10-15,New traffic signals improved vehicle flow downtown. A brief network outage affected online services.
2024-10-16,Road repairs caused traffic delays during the morning commute. Customers reported slow connections but no major outage. The sales team introduced a new product campaign.
2024-10-17,New traffic signals improved vehicle flow downtown. Public transport upgrades improved the commuter experience.
2024-10-18,Community parks received positive feedback from residents.
2024-10-19,Traffic congestion increased near the city centre.
2024-10-20,Residents reported delayed buses and heavy traffic. Public transport upgrades improved the commuter experience.
2024-10-21,Traffic congestion increased near the city centre. The sales team introduced a new product campaign.
2024-10-22,Public transport upgrades improved the commuter experience.
2024-10-23,Residents reported delayed buses and heavy traffic.
2024-10-24,Retail sales improved after the weekend promotion.
2024-10-25,New traffic signals improved vehicle flow downtown.
2024-10-26,Public transport upgrades improved the commuter experience.
2024-10-27,Traffic congestion increased near the city centre. Monthly sales were supported by stronger customer demand. The city opened a new health and education support centre.
2024-10-28,New traffic signals improved vehicle flow downtown. Engineers restored service after the reported outage. Public transport upgrades improved the commuter experience.
2024-10-29,Road repairs caused traffic delays during the morning commute. The climate programme supported tree planting and clean energy. Monthly sales were supported by stronger customer demand.
2024-10-30,The city opened a new health and education support centre.
2024-10-31,Residents reported delayed buses and heavy traffic. Climate adaptation projects expanded across the county.
2024-11-01,Community parks received positive feedback from residents.
2024-11-02,New traffic signals improved vehicle flow downtown.
2024-11-03,Road repairs caused traffic delays during the morning commute. The city opened a new health and education support centre.
2024-11-04,Traffic congestion increased near the city centre. Climate adaptation projects expanded across the county. A brief network outage affected online services. The sales team introduced a new product campaign. Public transport upgrades improved the commuter experience.
2024-11-05,Residents reported delayed buses and heavy traffic.
2024-11-06,Residents reported delayed buses and heavy traffic. The city opened a new health and education support centre.
2024-11-07,The sales team introduced a new product campaign. The city opened a new health and education support centre.
2024-11-08,Customers reported slow connections but no major outage. The city opened a new health and education support centre.
2024-11-09,Community parks received positive feedback from residents.
2024-11-10,Community parks received positive feedback from residents.
2024-11-11,Road repairs caused traffic delays during the morning commute. The sales team introduced a new product campaign.
2024-11-12,Road repairs caused traffic delays during the morning commute. Climate adaptation projects expanded across the county. The city opened a new health and education support centre.
2024-11-13,The city opened a new health and education support centre.
2024-11-14,Public transport upgrades improved the commuter experience.
2024-11-15,Heavy rainfall renewed discussion about climate resilience.
2024-11-16,Public transport upgrades improved the commuter experience.
2024-11-17,Traffic congestion increased near the city centre. Heavy rainfall renewed discussion about climate resilience.
2024-11-18,Traffic congestion increased near the city centre. Public transport upgrades improved the commuter experience.
2024-11-19,New traffic signals improved vehicle flow downtown. Community parks received positive feedback from residents.
2024-11-20,The city opened a new health and education support centre.
2024-11-21,New traffic signals improved vehicle flow downtown. Climate adaptation projects expanded across the county. The sales team introduced a new product campaign.
2024-11-22,The city opened a new health and education support centre.
2024-11-23,Road repairs caused traffic delays during the morning commute. Monthly sales were supported by stronger customer demand.
2024-11-24,Retail sales improved after the weekend promotion.
2024-11-25,Retail sales improved after the weekend promotion.
2024-11-26,Road repairs caused traffic delays during the morning commute. Climate adaptation projects expanded across the county.
2024-11-27,Traffic congestion increased near the city centre. Customers reported slow connections but no major outage. Community parks received positive feedback from residents.
2024-11-28,New traffic signals improved vehicle flow downtown. Climate adaptation projects expanded across the county. Retail sales improved after the weekend promotion.
2024-11-29,New traffic signals improved vehicle flow downtown. Monthly sales were supported by stronger customer demand.
2024-11-30,Heavy rainfall renewed discussion about climate resilience. Community parks received positive feedback from residents.
2024-12-01,Residents reported delayed buses and heavy traffic.
2024-12-02,New traffic signals improved vehicle flow downtown. The sales team introduced a new product campaign.
2024-12-03,Climate adaptation projects expanded across the county.
2024-12-04,The sales team introduced a new product campaign.
2024-12-05,Road repairs caused traffic delays during the morning commute. The climate programme supported tree planting and clean energy. Community parks received positive feedback from residents.
2024-12-06,Public transport upgrades improved the commuter experience.
2024-12-07,A brief network outage affected online services.
2024-12-08,Retail sales improved after the weekend promotion.
2024-12-09,The sales team introduced a new product campaign.
2024-12-10,New traffic signals improved vehicle flow downtown. The city opened a new health and education support centre.
2024-12-11,Monthly sales were supported by stronger customer demand.
2024-12-12,Community parks received positive feedback from residents.
2024-12-13,Traffic congestion increased near the city centre. The climate programme supported tree planting and clean energy. Community parks received positive feedback from residents.
2024-12-14,The climate programme supported tree planting and clean energy. Customers reported slow connections but no major outage. The city opened a new health and education support centre.
2024-12-15,Residents reported delayed buses and heavy traffic. The climate programme supported tree planting and clean energy.
2024-12-16,Community parks received positive feedback from residents.
2024-12-17,Retail sales improved after the weekend promotion.
2024-12-18,New traffic signals improved vehicle flow downtown. Climate adaptation projects expanded across the county.
2024-12-19,Road repairs caused traffic delays during the morning commute. Community parks received positive feedback from residents.
2024-12-20,Road repairs caused traffic delays during the morning commute.
2024-12-21,Traffic congestion increased near the city centre. Engineers restored service after the reported outage. Monthly sales were supported by stronger customer demand.
2024-12-22,Traffic congestion increased near the city centre. Customers reported slow connections but no major outage. Retail sales improved after the weekend promotion. The city opened a new health and education support centre.
2024-12-23,The city opened a new health and education support centre.
2024-12-24,Traffic congestion increased near the city centre. Retail sales improved after the weekend promotion. The city opened a new health and education support centre.
2024-12-25,Traffic congestion increased near the city centre. The climate programme supported tree planting and clean energy.
2024-12-26,Traffic congestion increased near the city centre. Community parks received positive feedback from residents.
2024-12-27,Traffic congestion increased near the city centre. The sales team introduced a new product campaign.
2024-12-28,Climate adaptation projects expanded across the county.
2024-12-29,Climate adaptation projects expanded across the county. Monthly sales were supported by stronger customer demand. Public transport upgrades improved the commuter experience.
2024-12-30,Road repairs caused traffic delays during the morning commute. Community parks received positive feedback from residents.
2024-12-31,Road repairs caused traffic delays during the morning commute. Heavy rainfall renewed discussion about climate resilience. Community parks received positive feedback from residents.
2025-01-01,Residents reported delayed buses and heavy traffic. Heavy rainfall renewed discussion about climate resilience. Engineers restored service after the reported outage. The sales team introduced a new product campaign. The city opened a new health and education support centre.
2025-01-02,Residents reported delayed buses and heavy traffic.
2025-01-03,Residents reported delayed buses and heavy traffic. Climate adaptation projects expanded across the county. Monthly sales were supported by stronger customer demand.
2025-01-04,Traffic congestion increased near the city centre. The climate programme supported tree planting and clean energy. Customers reported slow connections but no major outage. Retail sales improved after the weekend promotion. The city opened a new health and education support centre.
2025-01-05,Traffic congestion increased near the city centre. The climate programme supported tree planting and clean energy. Public transport upgrades improved the commuter experience.
2025-01-06,New traffic signals improved vehicle flow downtown. Climate adaptation projects expanded across the county.
2025-01-07,Residents reported delayed buses and heavy traffic. Heavy rainfall renewed discussion about climate resilience.
2025-01-08,Climate adaptation projects expanded across the county.
2025-01-09,Residents reported delayed buses and heavy traffic. Retail sales improved after the weekend promotion. Public transport upgrades improved the commuter experience.
2025-01-10,New traffic signals improved vehicle flow downtown. The sales team introduced a new product campaign. The city opened a new health and education support centre.
2025-01-11,Road repairs caused traffic delays during the morning commute. Heavy rainfall renewed discussion about climate resilience.
2025-01-12,Road repairs caused traffic delays during the morning commute.
2025-01-13,Road repairs caused traffic delays during the morning commute. Climate adaptation projects expanded across the county.
2025-01-14,Road repairs caused traffic delays during the morning commute. The climate programme supported tree planting and clean energy.
2025-01-15,Traffic congestion increased near the city centre. Climate adaptation projects expanded across the county.
2025-01-16,Traffic congestion increased near the city centre. The climate programme supported tree planting and clean energy. Public transport upgrades improved the commuter experience.
2025-01-17,New traffic signals improved vehicle flow downtown. Heavy rainfall renewed discussion about climate resilience. Public transport upgrades improved the commuter experience.
2025-01-18,Retail sales improved after the weekend promotion.
2025-01-19,New traffic signals improved vehicle flow downtown. The climate programme supported tree planting and clean energy. Retail sales improved after the weekend promotion.
2025-01-20,Residents reported delayed buses and heavy traffic. The climate programme supported tree planting and clean energy. Engineers restored service after the reported outage. The city opened a new health and education support centre.
2025-01-21,New traffic signals improved vehicle flow downtown. Heavy rainfall renewed discussion about climate resilience. Public transport upgrades improved the commuter experience.
2025-01-22,New traffic signals improved vehicle flow downtown. Climate adaptation projects expanded across the county. Public transport upgrades improved the commuter experience.
2025-01-23,The sales team introduced a new product campaign.
2025-01-24,Road repairs caused traffic delays during the morning commute. The climate programme supported tree planting and clean energy. Retail sales improved after the weekend promotion.
2025-01-25,New traffic signals improved vehicle flow downtown.
2025-01-26,Climate adaptation projects expanded across the county.
2025-01-27,Customers reported slow connections but no major outage.
2025-01-28,Road repairs caused traffic delays during the morning commute. Heavy rainfall renewed discussion about climate resilience. Engineers restored service after the reported outage.
2025-01-29,Public transport upgrades improved the commuter experience.
2025-01-30,Customers reported slow connections but no major outage. Community parks received positive feedback from residents.
2025-01-31,Residents reported delayed buses and heavy traffic. Climate adaptation projects expanded across the county. Community parks received positive feedback from residents.
2025-02-01,Road repairs caused traffic delays during the morning commute.
2025-02-02,The city opened a new health and education support centre.
2025-02-03,Traffic congestion increased near the city centre. The climate programme supported tree planting and clean energy. Customers reported slow connections but no major outage.
2025-02-04,New traffic signals improved vehicle flow downtown. The climate programme supported tree planting and clean energy.
2025-02-05,Monthly sales were supported by stronger customer demand.
2025-02-06,Residents reported delayed buses and heavy traffic. Heavy rainfall renewed discussion about climate resilience.
2025-02-07,The climate programme supported tree planting and clean energy. Retail sales improved after the weekend promotion. Public transport upgrades improved the commuter experience.
2025-02-08,Residents reported delayed buses and heavy traffic. Climate adaptation projects expanded across the county.
2025-02-09,Heavy rainfall renewed discussion about climate resilience.
2025-02-10,New traffic signals improved vehicle flow downtown. Heavy rainfall renewed discussion about climate resilience. Monthly sales were supported by stronger customer demand. The city opened a new health and education support centre.
2025-02-11,The climate programme supported tree planting and clean energy. The sales team introduced a new product campaign. The city opened a new health and education support centre.
2025-02-12,Climate adaptation projects expanded across the county.
2025-02-13,The climate programme supported tree planting and clean energy. The city opened a new health and education support centre.
2025-02-14,The city opened a new health and education support centre.
2025-02-15,Road repairs caused traffic delays during the morning commute. Heavy rainfall renewed discussion about climate resilience. Public transport upgrades improved the commuter experience.
2025-02-16,Residents reported delayed buses and heavy traffic. Heavy rainfall renewed discussion about climate resilience. Public transport upgrades improved the commuter experience.
2025-02-17,The climate programme supported tree planting and clean energy. Retail sales improved after the weekend promotion.
2025-02-18,Climate adaptation projects expanded across the county. The sales team introduced a new product campaign.
2025-02-19,New traffic signals improved vehicle flow downtown. Climate adaptation projects expanded across the county. Monthly sales were supported by stronger customer demand. Public transport upgrades improved the commuter experience.
2025-02-20,Community parks received positive feedback from residents.
2025-02-21,The sales team introduced a new product campaign. Community parks received positive feedback from residents.
2025-02-22,Retail sales improved after the weekend promotion.
2025-02-23,New traffic signals improved vehicle flow downtown. The climate programme supported tree planting and clean energy. Engineers restored service after the reported outage. Community parks received positive feedback from residents.
2025-02-24,Climate adaptation projects expanded across the county. Community parks received positive feedback from residents.
2025-02-25,The city opened a new health and education support centre.
2025-02-26,The climate programme supported tree planting and clean energy.
2025-02-27,New traffic signals improved vehicle flow downtown. Retail sales improved after the weekend promotion.
2025-02-28,A brief network outage affected online services.
2025-03-01,Community parks received positive feedback from residents.
2025-03-02,The sales team introduced a new product campaign. The city opened a new health and education support centre.
2025-03-03,Engineers restored service after the reported outage. Community parks received positive feedback from residents.
2025-03-04,The city opened a new health and education support centre.
2025-03-05,Residents reported delayed buses and heavy traffic. The city opened a new health and education support centre.
2025-03-06,Road repairs caused traffic delays during the morning commute. Climate adaptation projects expanded across the county. The city opened a new health and education support centre.
2025-03-07,Traffic congestion increased near the city centre. Customers reported slow connections but no major outage. The city opened a new health and education support centre.
2025-03-08,A brief network outage affected online services.
2025-03-09,Traffic congestion increased near the city centre. Customers reported slow connections but no major outage. The city opened a new health and education support centre.
2025-03-10,Customers reported slow connections but no major outage. Retail sales improved after the weekend promotion.
2025-03-11,Customers reported slow connections but no major outage. Public transport upgrades improved the commuter experience.
2025-03-12,New traffic signals improved vehicle flow downtown. A brief network outage affected online services. The sales team introduced a new product campaign. Public transport upgrades improved the commuter experience.
2025-03-13,Road repairs caused traffic delays during the morning commute. Heavy rainfall renewed discussion about climate resilience. A brief network outage affected online services. The sales team introduced a new product campaign.
2025-03-14,Engineers restored service after the reported outage.
2025-03-15,New traffic signals improved vehicle flow downtown. A brief network outage affected online services. The city opened a new health and education support centre.
2025-03-16,Road repairs caused traffic delays during the morning commute. Heavy rainfall renewed discussion about climate resilience. Retail sales improved after the weekend promotion.
2025-03-17,Heavy rainfall renewed discussion about climate resilience.
2025-03-18,Traffic congestion increased near the city centre. Public transport upgrades improved the commuter experience.
2025-03-19,Road repairs caused traffic delays during the morning commute. Heavy rainfall renewed discussion about climate resilience.
2025-03-20,New traffic signals improved vehicle flow downtown. Heavy rainfall renewed discussion about climate resilience. Customers reported slow connections but no major outage.
2025-03-21,Traffic congestion increased near the city centre.
2025-03-22,Road repairs caused traffic delays during the morning commute. Customers reported slow connections but no major outage. Community parks received positive feedback from residents.
2025-03-23,Residents reported delayed buses and heavy traffic. Heavy rainfall renewed discussion about climate resilience. Retail sales improved after the weekend promotion. Community parks received positive feedback from residents.
2025-03-24,Road repairs caused traffic delays during the morning commute. The city opened a new health and education support centre.
2025-03-25,Climate adaptation projects expanded across the county.
2025-03-26,Residents reported delayed buses and heavy traffic. The sales team introduced a new product campaign. Public transport upgrades improved the commuter experience.
2025-03-27,New traffic signals improved vehicle flow downtown.
2025-03-28,Road repairs caused traffic delays during the morning commute. The climate programme supported tree planting and clean energy. Monthly sales were supported by stronger customer demand.
2025-03-29,The sales team introduced a new product campaign.
2025-03-30,Traffic congestion increased near the city centre. Public transport upgrades improved the commuter experience.
2025-03-31,New traffic signals improved vehicle flow downtown.
2025-04-01,Road repairs caused traffic delays during the morning commute. Climate adaptation projects expanded across the county.
2025-04-02,Residents reported delayed buses and heavy traffic.
2025-04-03,Traffic congestion increased near the city centre.
2025-04-04,New traffic signals improved vehicle flow downtown.
2025-04-05,Residents reported delayed buses and heavy traffic. Community parks received positive feedback from residents.
2025-04-06,New traffic signals improved vehicle flow downtown. Customers reported slow connections but no major outage.
2025-04-07,New traffic signals improved vehicle flow downtown.
2025-04-08,Road repairs caused traffic delays during the morning commute.
2025-04-09,Road repairs caused traffic delays during the morning commute. Community parks received positive feedback from residents.
2025-04-10,Traffic congestion increased near the city centre.
2025-04-11,Community parks received positive feedback from residents.
2025-04-12,Residents reported delayed buses and heavy traffic.
2025-04-13,Road repairs caused traffic delays during the morning commute. Public transport upgrades improved the commuter experience.
2025-04-14,Traffic congestion increased near the city centre. The sales team introduced a new product campaign.
2025-04-15,Traffic congestion increased near the city centre. Monthly sales were supported by stronger customer demand.
2025-04-16,New traffic signals improved vehicle flow downtown. Retail sales improved after the weekend promotion.
2025-04-17,New traffic signals improved vehicle flow downtown. The sales team introduced a new product campaign.
2025-04-18,Road repairs caused traffic delays during the morning commute. Heavy rainfall renewed discussion about climate resilience. Monthly sales were supported by stronger customer demand.
2025-04-19,Residents reported delayed buses and heavy traffic.
2025-04-20,Traffic congestion increased near the city centre. The climate programme supported tree planting and clean energy. Retail sales improved after the weekend promotion. Community parks received positive feedback from residents.
2025-04-21,New traffic signals improved vehicle flow downtown. Heavy rainfall renewed discussion about climate resilience.
2025-04-22,Residents reported delayed buses and heavy traffic. Public transport upgrades improved the commuter experience.
2025-04-23,Road repairs caused traffic delays during the morning commute.
2025-04-24,Climate adaptation projects expanded across the county. The sales team introduced a new product campaign.
2025-04-25,New traffic signals improved vehicle flow downtown. Monthly sales were supported by stronger customer demand. The city opened a new health and education support centre.
2025-04-26,Traffic congestion increased near the city centre.
2025-04-27,New traffic signals improved vehicle flow downtown. The sales team introduced a new product campaign.
2025-04-28,The city opened a new health and education support centre.
2025-04-29,Road repairs caused traffic delays during the morning commute. Public transport upgrades improved the commuter experience.
2025-04-30,New traffic signals improved vehicle flow downtown. Heavy rainfall renewed discussion about climate resilience. Retail sales improved after the weekend promotion. Community parks received positive feedback from residents.
2025-05-01,A brief network outage affected online services. Monthly sales were supported by stronger customer demand. Public transport upgrades improved the commuter experience.
2025-05-02,Road repairs caused traffic delays during the morning commute. Public transport upgrades improved the commuter experience.
2025-05-03,Community parks received positive feedback from residents.
2025-05-04,Community parks received positive feedback from residents.
2025-05-05,Traffic congestion increased near the city centre. The city opened a new health and education support centre.
2025-05-06,New traffic signals improved vehicle flow downtown. Community parks received positive feedback from residents.
2025-05-07,Road repairs caused traffic delays during the morning commute. Heavy rainfall renewed discussion about climate resilience. A brief network outage affected online services.
2025-05-08,Residents reported delayed buses and heavy traffic.
2025-05-09,The city opened a new health and education support centre.
2025-05-10,Road repairs caused traffic delays during the morning commute. Heavy rainfall renewed discussion about climate resilience. Retail sales improved after the weekend promotion.
2025-05-11,Customers reported slow connections but no major outage. Public transport upgrades improved the commuter experience.
2025-05-12,Residents reported delayed buses and heavy traffic. Climate adaptation projects expanded across the county.
2025-05-13,Traffic congestion increased near the city centre. Climate adaptation projects expanded across the county.
2025-05-14,Road repairs caused traffic delays during the morning commute. A brief network outage affected online services. Retail sales improved after the weekend promotion.
2025-05-15,Retail sales improved after the weekend promotion.
2025-05-16,Residents reported delayed buses and heavy traffic. Public transport upgrades improved the commuter experience.
2025-05-17,Public transport upgrades improved the commuter experience.
2025-05-18,Retail sales improved after the weekend promotion.
2025-05-19,Retail sales improved after the weekend promotion. The city opened a new health and education support centre.
2025-05-20,Customers reported slow connections but no major outage. Community parks received positive feedback from residents.
2025-05-21,Monthly sales were supported by stronger customer demand.
2025-05-22,New traffic signals improved vehicle flow downtown.
2025-05-23,New traffic signals improved vehicle flow downtown. Climate adaptation projects expanded across the county. A brief network outage affected online services. The sales team introduced a new product campaign.
2025-05-24,New traffic signals improved vehicle flow downtown.
2025-05-25,Climate adaptation projects expanded across the county. Monthly sales were supported by stronger customer demand.
2025-05-26,Residents reported delayed buses and heavy traffic. Heavy rainfall renewed discussion about climate resilience.
2025-05-27,Climate adaptation projects expanded across the county. The sales team introduced a new product campaign. Public transport upgrades improved the commuter experience.
2025-05-28,Traffic congestion increased near the city centre. Heavy rainfall renewed discussion about climate resilience. Community parks received positive feedback from residents.
2025-05-29,Residents reported delayed buses and heavy traffic.
2025-05-30,The sales team introduced a new product campaign. Public transport upgrades improved the commuter experience.
2025-05-31,Road repairs caused traffic delays during the morning commute.
2025-06-01,Climate adaptation projects expanded across the county.
2025-06-02,The climate programme supported tree planting and clean energy. Customers reported slow connections but no major outage.
2025-06-03,Road repairs caused traffic delays during the morning commute. The climate programme supported tree planting and clean energy. Community parks received positive feedback from residents.
2025-06-04,Climate adaptation projects expanded across the county.
2025-06-05,Residents reported delayed buses and heavy traffic. Customers reported slow connections but no major outage. Public transport upgrades improved the commuter experience.
2025-06-06,Heavy rainfall renewed discussion about climate resilience. Public transport upgrades improved the commuter experience.
2025-06-07,Community parks received positive feedback from residents.
2025-06-08,Road repairs caused traffic delays during the morning commute. Climate adaptation projects expanded across the county.
2025-06-09,Road repairs caused traffic delays during the morning commute.
2025-06-10,Traffic congestion increased near the city centre.
2025-06-11,Climate adaptation projects expanded across the county. Customers reported slow connections but no major outage.
2025-06-12,Residents reported delayed buses and heavy traffic. Monthly sales were supported by stronger customer demand. Community parks received positive feedback from residents.
2025-06-13,New traffic signals improved vehicle flow downtown. Climate adaptation projects expanded across the county.
2025-06-14,Residents reported delayed buses and heavy traffic. Monthly sales were supported by stronger customer demand.
2025-06-15,Residents reported delayed buses and heavy traffic.
2025-06-16,Residents reported delayed buses and heavy traffic. Climate adaptation projects expanded across the county. A brief network outage affected online services.
2025-06-17,New traffic signals improved vehicle flow downtown. Heavy rainfall renewed discussion about climate resilience.
2025-06-18,Monthly sales were supported by stronger customer demand. Community parks received positive feedback from residents.
2025-06-19,Traffic congestion increased near the city centre. Climate adaptation projects expanded across the county. Retail sales improved after the weekend promotion.
2025-06-20,Road repairs caused traffic delays during the morning commute. Public transport upgrades improved the commuter experience.
2025-06-21,The climate programme supported tree planting and clean energy.
2025-06-22,Road repairs caused traffic delays during the morning commute. The climate programme supported tree planting and clean energy. The sales team introduced a new product campaign. The city opened a new health and education support centre.
2025-06-23,Road repairs caused traffic delays during the morning commute. Climate adaptation projects expanded across the county. Retail sales improved after the weekend promotion. Public transport upgrades improved the commuter experience.
2025-06-24,New traffic signals improved vehicle flow downtown. Climate adaptation projects expanded across the county. Customers reported slow connections but no major outage. Retail sales improved after the weekend promotion.
2025-06-25,New traffic signals improved vehicle flow downtown. Climate adaptation projects expanded across the county. The city opened a new health and education support centre.
2025-06-26,Climate adaptation projects expanded across the county.
2025-06-27,Residents reported delayed buses and heavy traffic. Heavy rainfall renewed discussion about climate resilience. Community parks received positive feedback from residents.
2025-06-28,Road repairs caused traffic delays during the morning commute. Climate adaptation projects expanded across the county. Customers reported slow connections but no major outage.
2025-06-29,The climate programme supported tree planting and clean energy.
2025-06-30,Traffic congestion increased near the city centre. Climate adaptation projects expanded across the county.
2025-07-01,New traffic signals improved vehicle flow downtown. Customers reported slow connections but no major outage.
2025-07-02,Traffic congestion increased near the city centre. Public transport upgrades improved the commuter experience.
2025-07-03,Residents reported delayed buses and heavy traffic. Retail sales improved after the weekend promotion. Community parks received positive feedback from residents.
2025-07-04,Traffic congestion increased near the city centre. Heavy rainfall renewed discussion about climate resilience.
2025-07-05,New traffic signals improved vehicle flow downtown. Heavy rainfall renewed discussion about climate resilience.
2025-07-06,Residents reported delayed buses and heavy traffic. Retail sales improved after the weekend promotion. Community parks received positive feedback from residents.
2025-07-07,New traffic signals improved vehicle flow downtown. Public transport upgrades improved the commuter experience.
2025-07-08,Road repairs caused traffic delays during the morning commute. Heavy rainfall renewed discussion about climate resilience. Public transport upgrades improved the commuter experience.
2025-07-09,Residents reported delayed buses and heavy traffic.
2025-07-10,Road repairs caused traffic delays during the morning commute. Heavy rainfall renewed discussion about climate resilience. Retail sales improved after the weekend promotion. Public transport upgrades improved the commuter experience.
2025-07-11,Traffic congestion increased near the city centre. Community parks received positive feedback from residents.
2025-07-12,Residents reported delayed buses and heavy traffic. Monthly sales were supported by stronger customer demand.
2025-07-13,Road repairs caused traffic delays during the morning commute.
2025-07-14,Residents reported delayed buses and heavy traffic. The climate programme supported tree planting and clean energy. Retail sales improved after the weekend promotion. Community parks received positive feedback from residents.
2025-07-15,New traffic signals improved vehicle flow downtown. Climate adaptation projects expanded across the county. Customers reported slow connections but no major outage. Community parks received positive feedback from residents.
2025-07-16,Traffic congestion increased near the city centre. The sales team introduced a new product campaign.
2025-07-17,Residents reported delayed buses and heavy traffic.
2025-07-18,Traffic congestion increased near the city centre. Climate adaptation projects expanded across the county. Retail sales improved after the weekend promotion. Community parks received positive feedback from residents.
2025-07-19,Residents reported delayed buses and heavy traffic. Heavy rainfall renewed discussion about climate resilience. Retail sales improved after the weekend promotion.
2025-07-20,Road repairs caused traffic delays during the morning commute. Heavy rainfall renewed discussion about climate resilience.
2025-07-21,Road repairs caused traffic delays during the morning commute. Climate adaptation projects expanded across the county. Retail sales improved after the weekend promotion. The city opened a new health and education support centre.
2025-07-22,Residents reported delayed buses and heavy traffic. The climate programme supported tree planting and clean energy. A brief network outage affected online services. Retail sales improved after the weekend promotion.
2025-07-23,Climate adaptation projects expanded across the county. Monthly sales were supported by stronger customer demand.
2025-07-24,Traffic congestion increased near the city centre. The climate programme supported tree planting and clean energy. A brief network outage affected online services.
2025-07-25,New traffic signals improved vehicle flow downtown.
2025-07-26,New traffic signals improved vehicle flow downtown. Retail sales improved after the weekend promotion.
2025-07-27,Traffic congestion increased near the city centre. Heavy rainfall renewed discussion about climate resilience. The city opened a new health and education support centre.
2025-07-28,Climate adaptation projects expanded across the county.
2025-07-29,Traffic congestion increased near the city centre. Monthly sales were supported by stronger customer demand. Community parks received positive feedback from residents.
2025-07-30,Traffic congestion increased near the city centre. Heavy rainfall renewed discussion about climate resilience.
2025-07-31,Residents reported delayed buses and heavy traffic. Climate adaptation projects expanded across the county. The city opened a new health and education support centre.
2025-08-01,Climate adaptation projects expanded across the county. Engineers restored service after the reported outage. Public transport upgrades improved the commuter experience.
2025-08-02,Heavy rainfall renewed discussion about climate resilience. Monthly sales were supported by stronger customer demand.
2025-08-03,Road repairs caused traffic delays during the morning commute. The climate programme supported tree planting and clean energy.
2025-08-04,New traffic signals improved vehicle flow downtown. The climate programme supported tree planting and clean energy. The city opened a new health and education support centre.
2025-08-05,A brief network outage affected online services.
2025-08-06,New traffic signals improved vehicle flow downtown. Climate adaptation projects expanded across the county. Monthly sales were supported by stronger customer demand.
2025-08-07,The city opened a new health and education support centre.
2025-08-08,Residents reported delayed buses and heavy traffic. Heavy rainfall renewed discussion about climate resilience. Monthly sales were supported by stronger customer demand. Public transport upgrades improved the commuter experience.
2025-08-09,New traffic signals improved vehicle flow downtown. Climate adaptation projects expanded across the county. Retail sales improved after the weekend promotion.
2025-08-10,Residents reported delayed buses and heavy traffic. Climate adaptation projects expanded across the county. Public transport upgrades improved the commuter experience.
2025-08-11,Community parks received positive feedback from residents.
2025-08-12,Heavy rainfall renewed discussion about climate resilience. A brief network outage affected online services. Public transport upgrades improved the commuter experience.
2025-08-13,New traffic signals improved vehicle flow downtown. Heavy rainfall renewed discussion about climate resilience. The sales team introduced a new product campaign.
2025-08-14,Road repairs caused traffic delays during the morning commute. The climate programme supported tree planting and clean energy.
2025-08-15,Residents reported delayed buses and heavy traffic. Climate adaptation projects expanded across the county.
2025-08-16,Climate adaptation projects expanded across the county. Monthly sales were supported by stronger customer demand. The city opened a new health and education support centre.
2025-08-17,New traffic signals improved vehicle flow downtown. The sales team introduced a new product campaign. The city opened a new health and education support centre.
2025-08-18,Residents reported delayed buses and heavy traffic. The climate programme supported tree planting and clean energy. Monthly sales were supported by stronger customer demand.
2025-08-19,Retail sales improved after the weekend promotion.
2025-08-20,Heavy rainfall renewed discussion about climate resilience.
2025-08-21,Heavy rainfall renewed discussion about climate resilience. Monthly sales were supported by stronger customer demand.
2025-08-22,Heavy rainfall renewed discussion about climate resilience.
2025-08-23,The climate programme supported tree planting and clean energy. Monthly sales were supported by stronger customer demand.
2025-08-24,New traffic signals improved vehicle flow downtown. Heavy rainfall renewed discussion about climate resilience. The sales team introduced a new product campaign.
2025-08-25,The city opened a new health and education support centre.
2025-08-26,Residents reported delayed buses and heavy traffic. Climate adaptation projects expanded across the county.
2025-08-27,New traffic signals improved vehicle flow downtown. The climate programme supported tree planting and clean energy. Monthly sales were supported by stronger customer demand. Public transport upgrades improved the commuter experience.
2025-08-28,Residents reported delayed buses and heavy traffic. The climate programme supported tree planting and clean energy. Retail sales improved after the weekend promotion.
2025-08-29,The climate programme supported tree planting and clean energy.
2025-08-30,New traffic signals improved vehicle flow downtown.
2025-08-31,Residents reported delayed buses and heavy traffic. The climate programme supported tree planting and clean energy.
2025-09-01,Traffic congestion increased near the city centre. Heavy rainfall renewed discussion about climate resilience.
2025-09-02,Road repairs caused traffic delays during the morning commute. Engineers restored service after the reported outage. Community parks received positive feedback from residents.
2025-09-03,Customers reported slow connections but no major outage. Community parks received positive feedback from residents.
2025-09-04,Residents reported delayed buses and heavy traffic. The climate programme supported tree planting and clean energy. Engineers restored service after the reported outage.
2025-09-05,New traffic signals improved vehicle flow downtown. The climate programme supported tree planting and clean energy. Engineers restored service after the reported outage.
2025-09-06,Customers reported slow connections but no major outage.
2025-09-07,Road repairs caused traffic delays during the morning commute. The climate programme supported tree planting and clean energy. Engineers restored service after the reported outage. Retail sales improved after the weekend promotion.
2025-09-08,The city opened a new health and education support centre.
2025-09-09,Road repairs caused traffic delays during the morning commute. The climate programme supported tree planting and clean energy. Retail sales improved after the weekend promotion. Community parks received positive feedback from residents.
2025-09-10,Traffic congestion increased near the city centre. Heavy rainfall renewed discussion about climate resilience. Engineers restored service after the reported outage.
2025-09-11,New traffic signals improved vehicle flow downtown. The climate programme supported tree planting and clean energy. Customers reported slow connections but no major outage.
2025-09-12,Road repairs caused traffic delays during the morning commute. Climate adaptation projects expanded across the county.
2025-09-13,Residents reported delayed buses and heavy traffic. The sales team introduced a new product campaign.
2025-09-14,Residents reported delayed buses and heavy traffic. Engineers restored service after the reported outage. The sales team introduced a new product campaign.
2025-09-15,New traffic signals improved vehicle flow downtown. Climate adaptation projects expanded across the county. Monthly sales were supported by stronger customer demand.
2025-09-16,Traffic congestion increased near the city centre. Climate adaptation projects expanded across the county. Retail sales improved after the weekend promotion. The city opened a new health and education support centre.
2025-09-17,Road repairs caused traffic delays during the morning commute. The climate programme supported tree planting and clean energy. Retail sales improved after the weekend promotion.
2025-09-18,Traffic congestion increased near the city centre. Community parks received positive feedback from residents.
2025-09-19,Road repairs caused traffic delays during the morning commute. Climate adaptation projects expanded across the county. The sales team introduced a new product campaign.
2025-09-20,Road repairs caused traffic delays during the morning commute. The climate programme supported tree planting and clean energy. The sales team introduced a new product campaign.
2025-09-21,Residents reported delayed buses and heavy traffic. Retail sales improved after the weekend promotion.
2025-09-22,Residents reported delayed buses and heavy traffic. Climate adaptation projects expanded across the county.
2025-09-23,Traffic congestion increased near the city centre. Heavy rainfall renewed discussion about climate resilience.
2025-09-24,New traffic signals improved vehicle flow downtown. Climate adaptation projects expanded across the county. Public transport upgrades improved the commuter experience.
2025-09-25,New traffic signals improved vehicle flow downtown. Climate adaptation projects expanded across the county.
2025-09-26,Traffic congestion increased near the city centre.
2025-09-27,Residents reported delayed buses and heavy traffic.
2025-09-28,Residents reported delayed buses and heavy traffic.
2025-09-29,Residents reported delayed buses and heavy traffic. The climate programme supported tree planting and clean energy.
2025-09-30,Road repairs caused traffic delays during the morning commute. Public transport upgrades improved the commuter experience.
2025-10-01,Residents reported delayed buses and heavy traffic. The climate programme supported tree planting and clean energy. Retail sales improved after the weekend promotion.
2025-10-02,Residents reported delayed buses and heavy traffic. Public transport upgrades improved the commuter experience.
2025-10-03,Traffic congestion increased near the city centre.
2025-10-04,Road repairs caused traffic delays during the morning commute. Climate adaptation projects expanded across the county. Retail sales improved after the weekend promotion. The city opened a new health and education support centre.
2025-10-05,Road repairs caused traffic delays during the morning commute. Climate adaptation projects expanded across the county. Community parks received positive feedback from residents.
2025-10-06,New traffic signals improved vehicle flow downtown.
2025-10-07,Road repairs caused traffic delays during the morning commute. Engineers restored service after the reported outage.
2025-10-08,Road repairs caused traffic delays during the morning commute.
2025-10-09,The climate programme supported tree planting and clean energy. The city opened a new health and education support centre.
2025-10-10,Road repairs caused traffic delays during the morning commute. Climate adaptation projects expanded across the county.
2025-10-11,New traffic signals improved vehicle flow downtown. Climate adaptation projects expanded across the county. Community parks received positive feedback from residents.
2025-10-12,Traffic congestion increased near the city centre.
2025-10-13,Traffic congestion increased near the city centre. The climate programme supported tree planting and clean energy. Engineers restored service after the reported outage.
2025-10-14,Traffic congestion increased near the city centre.
2025-10-15,Road repairs caused traffic delays during the morning commute. Heavy rainfall renewed discussion about climate resilience. The sales team introduced a new product campaign. The city opened a new health and education support centre.
2025-10-16,Residents reported delayed buses and heavy traffic. Monthly sales were supported by stronger customer demand. Public transport upgrades improved the commuter experience.
2025-10-17,New traffic signals improved vehicle flow downtown. The climate programme supported tree planting and clean energy. Monthly sales were supported by stronger customer demand.
2025-10-18,New traffic signals improved vehicle flow downtown. Monthly sales were supported by stronger customer demand.
2025-10-19,New traffic signals improved vehicle flow downtown. Heavy rainfall renewed discussion about climate resilience. Monthly sales were supported by stronger customer demand.
2025-10-20,Road repairs caused traffic delays during the morning commute. Community parks received positive feedback from residents.
2025-10-21,Residents reported delayed buses and heavy traffic. Community parks received positive feedback from residents.
2025-10-22,Traffic congestion increased near the city centre. Community parks received positive feedback from residents.
2025-10-23,Residents reported delayed buses and heavy traffic. Retail sales improved after the weekend promotion.
2025-10-24,Residents reported delayed buses and heavy traffic.
2025-10-25,Heavy rainfall renewed discussion about climate resilience.
2025-10-26,New traffic signals improved vehicle flow downtown.
2025-10-27,Traffic congestion increased near the city centre. Climate adaptation projects expanded across the county. Engineers restored service after the reported outage. Monthly sales were supported by stronger customer demand.
2025-10-28,Traffic congestion increased near the city centre.
2025-10-29,Community parks received positive feedback from residents.
2025-10-30,Heavy rainfall renewed discussion about climate resilience.
2025-10-31,Road repairs caused traffic delays during the morning commute. Heavy rainfall renewed discussion about climate resilience. Community parks received positive feedback from residents.
2025-11-01,Residents reported delayed buses and heavy traffic. Community parks received positive feedback from residents.
2025-11-02,Residents reported delayed buses and heavy traffic. Monthly sales were supported by stronger customer demand. Public transport upgrades improved the commuter experience.
2025-11-03,Road repairs caused traffic delays during the morning commute. Engineers restored service after the reported outage. The sales team introduced a new product campaign. Community parks received positive feedback from residents.
2025-11-04,Residents reported delayed buses and heavy traffic. Retail sales improved after the weekend promotion.
2025-11-05,Traffic congestion increased near the city centre. Public transport upgrades improved the commuter experience.
2025-11-06,Traffic congestion increased near the city centre. Customers reported slow connections but no major outage. Public transport upgrades improved the commuter experience.
2025-11-07,Climate adaptation projects expanded across the county. Monthly sales were supported by stronger customer demand. Public transport upgrades improved the commuter experience.
2025-11-08,Traffic congestion increased near the city centre. Community parks received positive feedback from residents.
2025-11-09,New traffic signals improved vehicle flow downtown. Climate adaptation projects expanded across the county.
2025-11-10,New traffic signals improved vehicle flow downtown. Public transport upgrades improved the commuter experience.
2025-11-11,Traffic congestion increased near the city centre.
2025-11-12,Road repairs caused traffic delays during the morning commute. Climate adaptation projects expanded across the county. A brief network outage affected online services. The sales team introduced a new product campaign. Public transport upgrades improved the commuter experience.
2025-11-13,New traffic signals improved vehicle flow downtown. The climate programme supported tree planting and clean energy. Retail sales improved after the weekend promotion. Public transport upgrades improved the commuter experience.
2025-11-14,Residents reported delayed buses and heavy traffic. Climate adaptation projects expanded across the county. The sales team introduced a new product campaign.
2025-11-15,Traffic congestion increased near the city centre. The sales team introduced a new product campaign. Public transport upgrades improved the commuter experience.
2025-11-16,The climate programme supported tree planting and clean energy.
2025-11-17,Retail sales improved after the weekend promotion.
2025-11-18,Traffic congestion increased near the city centre. Monthly sales were supported by stronger customer demand.
2025-11-19,Residents reported delayed buses and heavy traffic. The climate programme supported tree planting and clean energy. Monthly sales were supported by stronger customer demand. The city opened a new health and education support centre.
2025-11-20,Heavy rainfall renewed discussion about climate resilience. Retail sales improved after the weekend promotion.
2025-11-21,Public transport upgrades improved the commuter experience.
2025-11-22,Public transport upgrades improved the commuter experience.
2025-11-23,Road repairs caused traffic delays during the morning commute. The sales team introduced a new product campaign.
2025-11-24,Traffic congestion increased near the city centre. The climate programme supported tree planting and clean energy. The city opened a new health and education support centre.
2025-11-25,Road repairs caused traffic delays during the morning commute. The climate programme supported tree planting and clean energy. A brief network outage affected online services.
2025-11-26,Traffic congestion increased near the city centre. Climate adaptation projects expanded across the county. Retail sales improved after the weekend promotion. The city opened a new health and education support centre.
2025-11-27,Residents reported delayed buses and heavy traffic. The climate programme supported tree planting and clean energy. The sales team introduced a new product campaign. Community parks received positive feedback from residents.
2025-11-28,New traffic signals improved vehicle flow downtown. The climate programme supported tree planting and clean energy.
2025-11-29,Road repairs caused traffic delays during the morning commute.
2025-11-30,New traffic signals improved vehicle flow downtown. Customers reported slow connections but no major outage.
2025-12-01,New traffic signals improved vehicle flow downtown. Heavy rainfall renewed discussion about climate resilience.
2025-12-02,Residents reported delayed buses and heavy traffic. Heavy rainfall renewed discussion about climate resilience.
2025-12-03,Residents reported delayed buses and heavy traffic. Community parks received positive feedback from residents.
2025-12-04,New traffic signals improved vehicle flow downtown.
2025-12-05,Traffic congestion increased near the city centre. Heavy rainfall renewed discussion about climate resilience. A brief network outage affected online services.
2025-12-06,New traffic signals improved vehicle flow downtown. Climate adaptation projects expanded across the county. Engineers restored service after the reported outage.
2025-12-07,Traffic congestion increased near the city centre. Community parks received positive feedback from residents.
2025-12-08,Road repairs caused traffic delays during the morning commute. Heavy rainfall renewed discussion about climate resilience. Monthly sales were supported by stronger customer demand. The city opened a new health and education support centre.
2025-12-09,Traffic congestion increased near the city centre. Climate adaptation projects expanded across the county.
2025-12-10,Traffic congestion increased near the city centre. Climate adaptation projects expanded across the county.
2025-12-11,The city opened a new health and education support centre.
2025-12-12,Residents reported delayed buses and heavy traffic. Heavy rainfall renewed discussion about climate resilience.
2025-12-13,Residents reported delayed buses and heavy traffic.
2025-12-14,Residents reported delayed buses and heavy traffic. Climate adaptation projects expanded across the county. Monthly sales were supported by stronger customer demand.
2025-12-15,New traffic signals improved vehicle flow downtown. The climate programme supported tree planting and clean energy. Engineers restored service after the reported outage. The city opened a new health and education support centre.
2025-12-16,Traffic congestion increased near the city centre. A brief network outage affected online services.
2025-12-17,New traffic signals improved vehicle flow downtown. Heavy rainfall renewed discussion about climate resilience.
2025-12-18,Road repairs caused traffic delays during the morning commute. Heavy rainfall renewed discussion about climate resilience. Public transport upgrades improved the commuter experience.
2025-12-19,Heavy rainfall renewed discussion about climate resilience. A brief network outage affected online services. Monthly sales were supported by stronger customer demand. Community parks received positive feedback from residents.
2025-12-20,New traffic signals improved vehicle flow downtown. Heavy rainfall renewed discussion about climate resilience. The sales team introduced a new product campaign. The city opened a new health and education support centre.
2025-12-21,Road repairs caused traffic delays during the morning commute. The climate programme supported tree planting and clean energy.
2025-12-22,New traffic signals improved vehicle flow downtown.
2025-12-23,New traffic signals improved vehicle flow downtown. Heavy rainfall renewed discussion about climate resilience. Customers reported slow connections but no major outage. Monthly sales were supported by stronger customer demand. The city opened a new health and education support centre.
2025-12-24,Traffic congestion increased near the city centre. Climate adaptation projects expanded across the county. The sales team introduced a new product campaign.
2025-12-25,Climate adaptation projects expanded across the county. Public transport upgrades improved the commuter experience.
2025-12-26,Residents reported delayed buses and heavy traffic. Climate adaptation projects expanded across the county.
2025-12-27,Heavy rainfall renewed discussion about climate resilience. The city opened a new health and education support centre.
2025-12-28,Traffic congestion increased near the city centre. The city opened a new health and education support centre.
2025-12-29,Road repairs caused traffic delays during the morning commute. Climate adaptation projects expanded across the county. The city opened a new health and education support centre.
2025-12-30,Climate adaptation projects expanded across the county. A brief network outage affected online services. The sales team introduced a new product campaign.
